[
    {
        "DisplayName": "Server Name",
        "Category": "Server Settings",
        "Description": "Cortex Initiative | NA East | Active Admins",
        "Keywords": "server,name",
        "FieldName": "",
        "InputType": "text",
        "IsFlagArgument": false,
        "ParamFieldName": "",
        "IncludeInCommandLine": false,
        "DefaultValue": "",
        "Placeholder": "",
        "Suffix": "",
        "Hidden": false,
        "SkipIfEmpty": false,
        "EnumValues": {}
    }
]